heterogeneity_coef,overlap_coef,treatment_prevalence,n_samples,mean_ate_bias,rmse_ate,mean_cate_rmse,sd_ate_hat,mean_treatment_rate
0.0,1,0.1,300,2.617083042500148,333.58247682655775,120.51949267351654,333.7391219554777,0.10032666666666666
0.0,1,0.1,500,-0.014856276927809699,0.4898994986410323,0.9233199113379041,0.4899192082733788,0.09986600000000001
0.0,1,0.1,1000,0.0009652799488292234,0.19268356111199472,0.47717725490850776,0.19277755611990666,0.09936299999999999
0.0,1,0.1,2000,0.004051627416199141,0.11533347756336718,0.2899870654895712,0.1153199638232523,0.0997365
0.0,1,0.4,300,-0.003583919250985699,0.15837539418920019,0.42732174037668924,0.15841406510600745,0.4008933333333333
0.0,1,0.4,500,-0.005684573036507248,0.1143124709943885,0.30407715881422087,0.11422816959473915,0.400942
0.0,1,0.4,1000,-0.0005325636358426036,0.07688543203897169,0.20064572131387645,0.07692205820720051,0.399736
0.0,1,0.4,2000,0.001967819392069783,0.05478632381053497,0.13808798471624045,0.05477836829576189,0.399571
0.0,3,0.1,300,-19.819024529266493,1196.2612273995567,1214.802798310758,1196.6955379948815,0.10046333333333334
0.0,3,0.1,500,16.866896962159686,459.78720520785754,335.9997777965373,459.7076385842344,0.10094000000000003
0.0,3,0.1,1000,1.6954250896493066,43.03453035038876,10.722467105853452,43.02263687324903,0.09992500000000001
0.0,3,0.1,2000,-0.005525170555026523,1.0993467219641089,1.1943765261143862,1.0998829165022899,0.10022400000000001
0.0,3,0.4,300,-0.09316774213803897,3.7694908616117573,2.226659222285732,3.770224890284767,0.39990333333333333
0.0,3,0.4,500,-0.035752250227412546,1.1039837290357226,1.1468449833174414,1.103956779566323,0.39980200000000005
0.0,3,0.4,1000,-0.00659917095464127,0.3960155748897,0.585290670023596,0.39615871595379193,0.39975800000000006
0.0,3,0.4,2000,0.00965420537190768,0.22543347887628953,0.41328692512303383,0.22533936084148273,0.399887
0.5,1,0.1,300,-31.32583247394778,487.47637958242285,150.73311790699051,486.71222317484813,0.10038666666666667
0.5,1,0.1,500,-1.647143436566347,35.655988341615995,4.4435833274382865,35.63530876222595,0.09970000000000001
0.5,1,0.1,1000,-0.051396516167689976,0.22139219774321453,0.55023598587726,0.21645262020072223,0.10022800000000001
0.5,1,0.1,2000,-0.02752673589871737,0.13557241391380936,0.35110661449419783,0.13367823127148135,0.1004715
0.5,1,0.4,300,-0.023547476992699008,0.17576122568618052,0.45418076588211703,0.1768855959937833,0.4000233333333333
0.5,1,0.4,500,-0.01491272396009164,0.1165833824122045,0.3101206827822007,0.11773580280692607,0.40018800000000004
0.5,1,0.4,1000,-0.0017249643434318267,0.08014722823333414,0.2092757286368645,0.08199358939352021,0.39901800000000004
0.5,1,0.4,2000,-0.0003951493500537134,0.0556655686186006,0.14365218715617206,0.05722747252633901,0.39990050000000005
0.5,3,0.1,300,-353.66065621885974,1651.1052518958518,1697.0437243137967,1613.5915985623542,0.10012333333333333
0.5,3,0.1,500,-114.81584017427973,644.9897624978468,436.0984604619426,635.0061657610981,0.10015200000000002
0.5,3,0.1,1000,-2.856936363534898,54.653997981551605,15.561053891305344,54.605423945012554,0.09986100000000002
0.5,3,0.1,2000,-0.04329023302309439,2.3844515819385124,1.8154610463267289,2.3855420963780913,0.099912
0.5,3,0.4,300,-0.01634822070857728,1.6579421673443522,1.762146043983865,1.658090378196431,0.39886333333333335
0.5,3,0.4,500,-0.07325928424624081,1.0225246856204782,1.092822050387401,1.0195520435190026,0.400384
0.5,3,0.4,1000,-0.03312922788432697,0.545088794780099,0.7036767879759416,0.5432884826508247,0.39954700000000004
0.5,3,0.4,2000,-0.0035487429760812966,0.33903396217730086,0.5001914756053994,0.33992202499094387,0.40019899999999997
1.0,1,0.1,300,-107.6773751372733,884.4113442543647,291.4033923130209,878.2683587890438,0.10016999999999998
1.0,1,0.1,500,-0.3397753239186935,0.996916035478277,1.6265131165305906,0.9381960445637657,0.10001000000000002
1.0,1,0.1,1000,-0.12971020333065028,0.3604783884926272,0.8210673557949224,0.3384856827040813,0.099619
1.0,1,0.1,2000,-0.05372995982607454,0.18320535227917956,0.5005254049055637,0.17621742511008454,0.09968250000000001
1.0,1,0.4,300,-0.040277786502588446,0.1978862554691969,0.5015530144114858,0.2054719048480389,0.39921999999999996
1.0,1,0.4,500,-0.018129265119041137,0.12195298768309965,0.34329330684720083,0.1305702706882326,0.40041400000000005
1.0,1,0.4,1000,-0.009472755967114523,0.08598405952575394,0.23015315155015595,0.08938061387658822,0.40021
1.0,1,0.4,2000,-0.007750400699319472,0.06013552278415503,0.158671306102127,0.06476625226892635,0.4002425
1.0,3,0.1,300,-524.1550516664339,1996.4816893775028,1855.0172751740768,1927.4111963928033,0.10044333333333333
1.0,3,0.1,500,-157.45821000704163,792.1804214237962,513.635200093578,776.7623595388108,0.09952600000000002
1.0,3,0.1,1000,-2.529381273938171,77.3853861659731,20.450878455574276,77.38307007142923,0.09990500000000001
1.0,3,0.1,2000,-0.2614446279551421,3.2681655653181796,2.6069924081479847,3.25932157872042,0.09990450000000001
1.0,3,0.4,300,-1.5589347105448388,20.784161336102752,5.669542560603842,20.737394225240994,0.39983666666666673
1.0,3,0.4,500,-0.1961577409114594,1.6108350363069255,1.5044812468774975,1.5983194738039301,0.400366
1.0,3,0.4,1000,-0.08984509872398082,0.7232759020941262,0.963303092985776,0.7186052147573803,0.400202
1.0,3,0.4,2000,-0.026800002113961476,0.49924826147936385,0.6558171727746703,0.49955325768769754,0.39980950000000004
2.0,1,0.1,300,-193.70690480891454,1969.2631797475235,520.4193574988046,1960.691754450667,0.09951666666666668
2.0,1,0.1,500,-0.6306029129475779,1.4725334835515254,2.690012243837245,1.3391628709617707,0.09995800000000003
2.0,1,0.1,1000,-0.2537308380756858,0.5846357597587729,1.3831297851922195,0.5325609509024025,0.100118
2.0,1,0.1,2000,-0.10913878030807721,0.3009643067093823,0.8341791204676592,0.2844511655710571,0.10009950000000001
2.0,1,0.4,300,-0.0791766161583638,0.3255785230181422,0.7033305772627386,0.3430476065001693,0.40074999999999994
2.0,1,0.4,500,-0.0370834005771391,0.16584347497190036,0.4471330904896528,0.1846202987442243,0.399728
2.0,1,0.4,1000,-0.018216331602719404,0.10572472419460681,0.2876940987766375,0.1210928706468895,0.400733
2.0,1,0.4,2000,-0.012572159457638026,0.07351721471021694,0.20262320365385766,0.08567544609209675,0.3995215000000001
2.0,3,0.1,300,-1034.0984954849712,3461.517707025179,3404.581599204922,3305.097211550531,0.09994
2.0,3,0.1,500,-319.2740502047605,1392.3745173238501,888.718985717306,1355.951490422403,0.100192
2.0,3,0.1,1000,-15.736825290749014,198.67278497482866,43.7547937583006,198.14693633640283,0.099995
2.0,3,0.1,2000,-1.3537277634582228,18.839656379213334,7.195588530720949,18.801119032074048,0.09991050000000001
2.0,3,0.4,300,-0.45669912502976945,4.491836377918145,3.795893761279513,4.46975406140866,0.39986333333333335
2.0,3,0.4,500,-0.3507757739677802,3.943727919456937,2.550313519105788,3.929267339467124,0.39978800000000003
2.0,3,0.4,1000,-0.11156844428393722,1.1572797659778702,1.4227087168606152,1.1517149569829108,0.400013
2.0,3,0.4,2000,-0.033851457338799615,0.7430512432976051,1.0551054727957718,0.742654962713741,0.3996235
